Id,day_of_week,day_of_week_num,avg_sedentary_minutes,avg_sedentary_wear_only,total_days,nonwear_days
1503960366,Monday,1,899.0,899.0,4,0
1503960366,Tuesday,2,779.6,779.6,5,0
1503960366,Wednesday,3,910.0,910.0,5,0
1503960366,Thursday,4,1027.0,923.75,5,1
1503960366,Friday,5,878.0,878.0,4,0
1503960366,Saturday,6,762.5,762.5,4,0
1503960366,Sunday,7,638.0,638.0,4,0
1503960366,Overall,8,848.16,828.43,31,1
1624580081,Monday,1,1265.5,1265.5,4,0
1624580081,Tuesday,2,1307.6,1307.6,5,0
1624580081,Wednesday,3,1292.8,1292.8,5,0
1624580081,Thursday,4,1198.2,1198.2,5,0
1624580081,Friday,5,1303.25,1303.25,4,0
1624580081,Saturday,6,1229.25,1229.25,4,0
1624580081,Sunday,7,1201.25,1201.25,4,0
1624580081,Overall,8,1257.74,1257.74,31,0
1644430081,Monday,1,1097.25,1097.25,4,0
1644430081,Tuesday,2,1152.8,1152.8,5,0
1644430081,Wednesday,3,1199.4,1199.4,5,0
1644430081,Thursday,4,1256.25,1256.25,4,0
1644430081,Friday,5,1216.0,1216.0,4,0
1644430081,Saturday,6,1088.75,1088.75,4,0
1644430081,Sunday,7,1115.5,1115.5,4,0
1644430081,Overall,8,1161.87,1161.87,30,0
1844505072,Monday,1,1382.75,1211.0,4,3
1844505072,Tuesday,2,1333.4,1262.33,5,2
1844505072,Wednesday,3,1372.6,1355.75,5,1
1844505072,Thursday,4,1025.8,1025.8,5,0
1844505072,Friday,5,1066.75,1066.75,4,0
1844505072,Saturday,6,1063.0,937.33,4,1
1844505072,Sunday,7,1174.0,908.0,4,2
1844505072,Overall,8,1206.61,1111.14,31,9
1927972279,Monday,1,1372.0,1349.33,4,1
1927972279,Tuesday,2,1217.0,1068.33,5,2
1927972279,Wednesday,3,1331.8,1169.5,5,3
1927972279,Thursday,4,1261.0,1141.67,5,2
1927972279,Friday,5,1285.75,1234.33,4,1
1927972279,Saturday,6,1391.75,1343.5,4,2
1927972279,Sunday,7,1398.25,1356.5,4,2
1927972279,Overall,8,1317.42,1228.89,31,13
2022484408,Monday,1,1107.25,1107.25,4,0
2022484408,Tuesday,2,1116.6,1116.6,5,0
2022484408,Wednesday,3,1102.0,1102.0,5,0
2022484408,Thursday,4,1027.8,1027.8,5,0
2022484408,Friday,5,1107.25,1107.25,4,0
2022484408,Saturday,6,1185.0,1185.0,4,0
2022484408,Sunday,7,1165.0,1165.0,4,0
2022484408,Overall,8,1112.58,1112.58,31,0
2026352035,Monday,1,785.5,785.5,4,0
2026352035,Tuesday,2,898.4,898.4,5,0
2026352035,Wednesday,3,594.2,594.2,5,0
2026352035,Thursday,4,567.4,567.4,5,0
2026352035,Friday,5,600.5,600.5,4,0
2026352035,Saturday,6,611.25,611.25,4,0
2026352035,Sunday,7,770.75,770.75,4,0
2026352035,Overall,8,689.42,689.42,31,0
2320127002,Monday,1,1263.5,1263.5,4,0
2320127002,Tuesday,2,1192.0,1192.0,5,0
2320127002,Wednesday,3,1227.4,1227.4,5,0
2320127002,Thursday,4,1190.2,1190.2,5,0
2320127002,Friday,5,1250.0,1250.0,4,0
2320127002,Saturday,6,1175.25,1175.25,4,0
2320127002,Sunday,7,1255.0,1255.0,4,0
2320127002,Overall,8,1220.1,1220.1,31,0
2347167796,Monday,1,665.5,665.5,2,0
2347167796,Tuesday,2,781.33,781.33,3,0
2347167796,Wednesday,3,770.0,770.0,3,0
2347167796,Thursday,4,743.33,743.33,3,0
2347167796,Friday,5,501.0,501.0,3,0
2347167796,Saturday,6,779.5,779.5,2,0
2347167796,Sunday,7,546.0,546.0,2,0
2347167796,Overall,8,687.17,687.17,18,0
2873212765,Monday,1,1099.25,1099.25,4,0
2873212765,Tuesday,2,1074.6,1074.6,5,0
2873212765,Wednesday,3,1080.2,1080.2,5,0
2873212765,Thursday,4,1034.2,1034.2,5,0
2873212765,Friday,5,1069.0,1069.0,4,0
2873212765,Saturday,6,1158.25,1158.25,4,0
2873212765,Sunday,7,1190.5,1190.5,4,0
2873212765,Overall,8,1097.19,1097.19,31,0
3372868164,Monday,1,1047.0,1047.0,2,0
3372868164,Tuesday,2,1102.33,1102.33,3,0
3372868164,Wednesday,3,1083.33,1083.33,3,0
3372868164,Thursday,4,1043.67,1043.67,3,0
3372868164,Friday,5,1125.67,1125.67,3,0
3372868164,Saturday,6,1106.0,1106.0,3,0
3372868164,Sunday,7,1024.67,1024.67,3,0
3372868164,Overall,8,1077.55,1077.55,20,0
3977333714,Monday,1,814.5,814.5,4,0
3977333714,Tuesday,2,716.4,716.4,5,0
3977333714,Wednesday,3,635.6,635.6,5,0
3977333714,Thursday,4,749.25,749.25,4,0
3977333714,Friday,5,698.75,698.75,4,0
3977333714,Saturday,6,694.25,694.25,4,0
3977333714,Sunday,7,659.75,659.75,4,0
3977333714,Overall,8,707.53,707.53,30,0
4020332650,Monday,1,1363.25,1337.67,4,1
4020332650,Tuesday,2,1063.2,812.0,5,2
4020332650,Wednesday,3,1229.4,913.5,5,3
4020332650,Thursday,4,1190.8,1024.67,5,2
4020332650,Friday,5,1258.5,1077.0,4,2
4020332650,Saturday,6,1339.5,1239.0,4,2
4020332650,Sunday,7,1273.25,1106.5,4,2
4020332650,Overall,8,1237.26,1070.29,31,14
4057192912,Tuesday,2,1276.0,1276.0,1,0
4057192912,Wednesday,3,1280.0,1280.0,1,0
4057192912,Thursday,4,1440.0,,1,1
4057192912,Friday,5,873.0,873.0,1,0
4057192912,Overall,8,1217.25,1143.0,4,1
4319703577,Monday,1,610.75,610.75,4,0
4319703577,Tuesday,2,783.4,619.25,5,1
4319703577,Wednesday,3,853.0,853.0,5,0
4319703577,Thursday,4,672.6,672.6,5,0
4319703577,Friday,5,694.25,694.25,4,0
4319703577,Saturday,6,637.75,637.75,4,0
4319703577,Sunday,7,873.5,873.5,4,0
4319703577,Overall,8,735.81,712.33,31,1
4388161847,Monday,1,1006.5,1006.5,4,0
4388161847,Tuesday,2,889.8,752.25,5,1
4388161847,Wednesday,3,829.0,829.0,5,0
4388161847,Thursday,4,879.4,879.4,5,0
4388161847,Friday,5,1014.25,1014.25,4,0
4388161847,Saturday,6,600.75,600.75,4,0
4388161847,Sunday,7,615.0,615.0,4,0
4388161847,Overall,8,836.68,816.57,31,1
4445114986,Monday,1,867.75,867.75,4,0
4445114986,Tuesday,2,805.8,805.8,5,0
4445114986,Wednesday,3,807.8,807.8,5,0
4445114986,Thursday,4,669.8,669.8,5,0
4445114986,Friday,5,833.0,833.0,4,0
4445114986,Saturday,6,904.5,904.5,4,0
4445114986,Sunday,7,972.25,972.25,4,0
4445114986,Overall,8,829.9,829.9,31,0
4558609924,Monday,1,1048.75,1048.75,4,0
4558609924,Tuesday,2,1145.8,1145.8,5,0
4558609924,Wednesday,3,1172.2,1172.2,5,0
4558609924,Thursday,4,954.8,954.8,5,0
4558609924,Friday,5,1146.75,1146.75,4,0
4558609924,Saturday,6,1115.25,1115.25,4,0
4558609924,Sunday,7,1073.75,1073.75,4,0
4558609924,Overall,8,1093.61,1093.61,31,0
4702921684,Monday,1,874.25,874.25,4,0
4702921684,Tuesday,2,734.0,734.0,5,0
4702921684,Wednesday,3,753.6,753.6,5,0
4702921684,Thursday,4,679.4,679.4,5,0
4702921684,Friday,5,914.75,914.75,4,0
4702921684,Saturday,6,582.5,582.5,4,0
4702921684,Sunday,7,859.5,666.0,4,1
4702921684,Overall,8,766.42,743.97,31,1
5553957443,Monday,1,686.25,686.25,4,0
5553957443,Tuesday,2,758.4,758.4,5,0
5553957443,Wednesday,3,653.8,653.8,5,0
5553957443,Thursday,4,627.0,627.0,5,0
5553957443,Friday,5,735.0,735.0,4,0
5553957443,Saturday,6,593.0,593.0,4,0
5553957443,Sunday,7,616.5,616.5,4,0
5553957443,Overall,8,668.35,668.35,31,0
5577150313,Monday,1,799.25,799.25,4,0
5577150313,Tuesday,2,687.8,687.8,5,0
5577150313,Wednesday,3,642.0,642.0,5,0
5577150313,Thursday,4,794.25,794.25,4,0
5577150313,Friday,5,890.25,890.25,4,0
5577150313,Saturday,6,790.0,573.33,4,1
5577150313,Sunday,7,722.25,483.0,4,1
5577150313,Overall,8,754.43,705.46,30,2
6117666160,Monday,1,882.0,696.0,4,1
6117666160,Tuesday,2,1095.5,751.0,4,2
6117666160,Wednesday,3,930.75,761.0,4,1
6117666160,Thursday,4,814.0,605.33,4,1
6117666160,Friday,5,621.5,621.5,4,0
6117666160,Saturday,6,616.5,616.5,4,0
6117666160,Sunday,7,613.75,613.75,4,0
6117666160,Overall,8,796.29,656.35,28,5
6290855005,Monday,1,1080.25,1080.25,4,0
6290855005,Tuesday,2,1288.0,1186.67,5,2
6290855005,Wednesday,3,1148.25,1148.25,4,0
6290855005,Thursday,4,1225.75,1154.33,4,1
6290855005,Friday,5,1206.25,1128.33,4,1
6290855005,Saturday,6,1229.5,1229.5,4,0
6290855005,Sunday,7,1149.5,1149.5,4,0
6290855005,Overall,8,1193.03,1153.52,29,4
6775888955,Monday,1,1325.0,1267.5,3,1
6775888955,Tuesday,2,1410.0,1380.0,4,2
6775888955,Wednesday,3,1253.0,1066.0,4,2
6775888955,Thursday,4,1288.25,1136.5,4,2
6775888955,Friday,5,1288.5,1238.0,4,1
6775888955,Saturday,6,1178.0,1090.67,4,1
6775888955,Sunday,7,1379.67,1379.67,3,0
6775888955,Overall,8,1299.42,1225.0,26,9
6962181067,Monday,1,647.0,647.0,4,0
6962181067,Tuesday,2,683.0,683.0,5,0
6962181067,Wednesday,3,655.2,655.2,5,0
6962181067,Thursday,4,581.8,581.8,5,0
6962181067,Friday,5,714.5,714.5,4,0
6962181067,Saturday,6,675.25,675.25,4,0
6962181067,Sunday,7,696.25,696.25,4,0
6962181067,Overall,8,662.32,662.32,31,0
7007744171,Monday,1,1058.33,1058.33,3,0
7007744171,Tuesday,2,1022.25,1022.25,4,0
7007744171,Wednesday,3,1145.5,1047.33,4,1
7007744171,Thursday,4,1049.75,1049.75,4,0
7007744171,Friday,5,1100.0,1100.0,4,0
7007744171,Saturday,6,924.0,924.0,4,0
7007744171,Sunday,7,1099.33,1099.33,3,0
7007744171,Overall,8,1055.35,1039.96,26,1
7086361926,Monday,1,830.5,830.5,4,0
7086361926,Tuesday,2,817.0,817.0,5,0
7086361926,Wednesday,3,794.0,794.0,5,0
7086361926,Thursday,4,790.2,790.2,5,0
7086361926,Friday,5,914.5,914.5,4,0
7086361926,Saturday,6,998.0,998.0,4,0
7086361926,Sunday,7,846.5,648.67,4,1
7086361926,Overall,8,850.45,830.8,31,1
8053475328,Monday,1,1200.0,1200.0,4,0
8053475328,Tuesday,2,1182.4,1182.4,5,0
8053475328,Wednesday,3,1093.6,1093.6,5,0
8053475328,Thursday,4,1104.4,1104.4,5,0
8053475328,Friday,5,1215.5,1215.5,4,0
8053475328,Saturday,6,1088.25,1088.25,4,0
8053475328,Sunday,7,1167.75,1167.75,4,0
8053475328,Overall,8,1148.0,1148.0,31,0
8253242879,Monday,1,1269.5,1269.5,2,0
8253242879,Tuesday,2,1273.0,1273.0,3,0
8253242879,Wednesday,3,1261.67,1261.67,3,0
8253242879,Thursday,4,1318.0,1318.0,3,0
8253242879,Friday,5,1304.0,1304.0,3,0
8253242879,Saturday,6,1300.33,1230.5,3,1
8253242879,Sunday,7,1275.0,1275.0,2,0
8253242879,Overall,8,1287.37,1278.89,19,1
8378563200,Monday,1,746.5,746.5,4,0
8378563200,Tuesday,2,743.0,743.0,5,0
8378563200,Wednesday,3,712.4,712.4,5,0
8378563200,Thursday,4,656.8,656.8,5,0
8378563200,Friday,5,774.0,774.0,4,0
8378563200,Saturday,6,733.5,733.5,4,0
8378563200,Sunday,7,655.75,655.75,4,0
8378563200,Overall,8,716.13,716.13,31,0
8583815059,Monday,1,1325.75,1287.67,4,1
8583815059,Tuesday,2,1258.8,1213.5,5,1
8583815059,Wednesday,3,1254.6,1208.25,5,1
8583815059,Thursday,4,1310.8,1278.5,5,1
8583815059,Friday,5,1216.0,1216.0,4,0
8583815059,Saturday,6,1218.5,1144.67,4,1
8583815059,Sunday,7,1280.5,1227.33,4,1
8583815059,Overall,8,1267.23,1225.76,31,6
8792009665,Monday,1,1309.0,916.0,4,3
8792009665,Tuesday,2,883.6,744.5,5,1
8792009665,Wednesday,3,824.5,824.5,4,0
8792009665,Thursday,4,1109.5,999.33,4,1
8792009665,Friday,5,957.0,796.0,4,1
8792009665,Saturday,6,1103.0,990.67,4,1
8792009665,Sunday,7,1281.0,1122.0,4,2
8792009665,Overall,8,1060.48,889.7,29,9
8877689391,Monday,1,1195.5,1195.5,4,0
8877689391,Tuesday,2,1140.0,1140.0,5,0
8877689391,Wednesday,3,1121.2,1121.2,5,0
8877689391,Thursday,4,1052.6,1052.6,5,0
8877689391,Friday,5,1123.75,1123.75,4,0
8877689391,Saturday,6,1011.25,1011.25,4,0
8877689391,Sunday,7,1152.0,1152.0,4,0
8877689391,Overall,8,1112.87,1112.87,31,0
